{
  "compute_tier": "T4",
  "base_model": "unsloth/Qwen2.5-3B-bnb-4bit",
  "beta": 0.1,
  "lr": 5e-07,
  "epochs": 1,
  "final_train_loss": 0.7718732852935791,
  "end_chosen_reward": -0.6824906229972839,
  "end_rejected_reward": -0.8928524732589722,
  "end_reward_gap": 0.2103618502616883
}